"word","count"
"laboratory",69
"molecular",36
"biology",35
"research",35
"techniques",33
"data",27
"quality",27
"lab",24
"pcr",22
"equipment",20
"procedures",20
"analysis",18
"development",18
"technical",17
"bacterial",16
"microbiology",16
"sequencing",16
"dna",15
"scientific",15
"biological",14
"experiments",14
"samples",14
"culture",13
"projects",13
"animal",12
"biochemistry",12
"biosafety",11
"products",11
"assays",10
"generation",10
"maintenance",10
"medical",10
"preparation",10
"science",10
"standard",10
"tests",10
"communication",9
"detailed",9
"field",9
"maintaining",9
"management",9
"routine",9
"testing",9
"analytical",8
"cell",8
"chemistry",8
"developing",8
"engineering",8
"genetic",8
"high",8
